ID,ID2,Question,Answer
1,37,"Hi,what's the date today?","Today is June 22, 2023. How can I assist you?"
2,41,Write a python function that prints hello world,"Certainly! Here's a simple Python function that prints ""Hello, World!"":
python
Copy code
def print_hello_world():
    print(""Hello, World!"")

# Calling the function to print the message
print_hello_world()
When you execute this code, it will print ""Hello, World!"" to the console. Let me know if you need any further assistance!"
3,49,Write a JavaScript function that prints hello world,"Certainly! Here's a simple JavaScript function that prints ""Hello, World!"" to the console:
javascript
Copy code
function printHelloWorld() {
    console.log(""Hello, World!"");
}

// Calling the function to print the message
printHelloWorld();
When you run this JavaScript code, it will output ""Hello, World!"" to the console. Let me know if you need any further assistance!"
4,50,output for 1+3,The output of the arithmetic operation 1 + 3 is 4.
5,50,output for 1+4,The output of the arithmetic operation 1 + 4 is 5.
5,50,output for 1+96,The sum of 1 and 96 is 97.
